Bus,Erro (%)
1,0.0
2,0.4784688995215421
3,2.1984614349012995e-14
4,0.22887029667540185
5,0.04768352786698675
6,6.225549670795266e-14
7,0.14314691794476472
8,2.0371064672021215e-14
9,0.3852786387873479
10,0.09368595687735856
11,0.29269205969989803
12,0.491719051777262
13,0.036340467875999205
14,0.4316682643218825
