,vm_pu,va_degree,P_mw,Q_mvar
0,1.05,0.0,-61.445631714327504,-89.18804867353889
1,1.0336194502676732,-0.15357404530326596,50.0,20.0
2,1.0199999999999998,0.6787821208717453,-60.0,44.10584759712219
3,1.0171251291708647,-0.2885811393017366,40.0,15.0
4,1.0227971517404388,-0.4605863134336573,30.0,10.0
