index,vm_pu,va_degree,p_mw,q_mvar
0,1.05,0.0,-105.57452629180659,150.27958957448126
1,1.2442994842229864,-16.36385999172112,50.0,20.0
2,1.02,-2.921915669293394,-60.0,155.1789803504944
3,1.5545542275688455,-26.093510465236076,40.0,15.0
4,1.510694505364313,-22.38311894556168,30.0,10.0
