,vm_pu,va_degree,p_mw,q_mvar
0,1.05,0.0,-61.666526537158546,-21.597690524572556
1,0.9999902124714916,-3.150444756814256,50.0,20.0
2,1.0200000000000002,-1.966048889285226,-60.0,-24.517871022224426
3,1.0170551808478179,-2.125997726386264,40.0,15.0
4,1.0226029629907556,-1.7611251252494426,30.0,10.0
